sasdate,Unemployment,CapacityUtili_Manufactur,HousingPermit_MW,HousingStarts,Nonrevolving_ConsumerCredit,AaaCorporateBond_MinusFEDFUNDS,AaaCorporateBond,ConsumerSentimentIndex,unknown1,unknown2,unkown3
1/1/1959,6,80.1973,2.39,291078,0.333579154,1574,1169,1396,594,802,713
2/1/1959,5.9,81.4428,2.46,282958,0.358385876,1554,1164,1277,545,732,704.2
3/1/1959,5.6,82.4769,2.05,260346,0.400947119,1459,1093,1210,530,680,704.1
4/1/1959,5.2,83.9922,1.9,246413,0.444973397,1494,934,1039,408,631,705.2
5/1/1959,5.1,84.9159,2.06,246952,0.475711411,1479,1005,965,390,575,710
6/1/1959,5,84.7686,1.65,258258,0.500729076,1522,963,963,415,548,715
7/1/1959,5.1,82.9798,1.61,263248,0.488378685,1591,1047,889,394,495,725.3
8/1/1959,5.2,79.4676,1.59,287143,0.456521739,1607,1113,889,407,482,667
9/1/1959,5.5,79.0489,1.42,273947,0.425165563,1602,1275,895,449,446,652.5
10/1/1959,5.7,78.1537,1.3,312319,0.397186701,1750,1292,883,436,447,655.6
11/1/1959,5.8,78.5051,1.26,350763,0.40394704,1745,1205,982,505,477,686
12/1/1959,5.3,83.5682,1.29,271771,0.422940049,1657,1122,920,453,467,694.5
1/1/1960,5.2,85.5616,1.35,276008,0.545228216,1638,1045,915,450,465,686
2/1/1960,4.8,84.6108,1.37,270543,0.592069691,1431,1034,841,412,429,690.9
3/1/1960,5.4,83.2421,1.41,308942,0.505904455,1666,1120,959,519,440,689.2
4/1/1960,5.2,82.2593,1.28,299584,0.509668508,1735,1002,896,465,431,692.9
5/1/1960,5.1,81.4711,1.43,317341,0.510507145,1718,1074,797,408,389,685.8
6/1/1960,5.4,80.2236,1.94,321768,0.473181094,1738,1182,854,458,396,682
7/1/1960,5.5,79.7275,1.99,334039,0.447601668,1709,1184,921,521,400,663.1
8/1/1960,5.6,79.0505,2.1,361521,0.429802332,1746,1287,927,517,410,682.8
9/1/1960,5.5,77.9187,2.41,353888,0.419927909,1677,1213,982,516,466,678.3
10/1/1960,6.1,77.5287,2.64,375119,0.367826905,1766,1282,1189,623,566,677.2
11/1/1960,6.1,75.7724,2.64,383790,0.355658199,1718,1367,1223,673,550,666.3
12/1/1960,6.6,74.2557,3.12,372391,0.317738791,2102,1468,1142,588,554,658
1/1/1961,6.6,74.1095,3.65,380579,0.314279598,1884,1477,1328,688,640,652.4
2/1/1961,6.9,73.512,2.53,433704,0.298634106,2037,1407,1416,751,665,646.3
3/1/1961,6.9,73.8637,3,382956,0.303523594,1863,1476,1463,769,694,644.6
4/1/1961,7,75.3829,3.52,382747,0.301655426,1729,1427,1598,796,802,639.6
5/1/1961,7.1,76.356,3.03,358345,0.308015191,1748,1432,1686,827,859,639.7
6/1/1961,6.9,77.3241,3.3,331716,0.31975435,1841,1419,1651,723,928,642.4
7/1/1961,7,78.1087,3.92,347116,0.325284091,1789,1356,1830,839,991,642.5
8/1/1961,6.6,78.9783,3.11,317851,0.355403674,1701,1387,1649,749,900,644.5
9/1/1961,6.7,78.1562,3.24,330492,0.362061591,1859,1297,1531,686,845,646.8
10/1/1961,6.5,79.5528,2.87,308441,0.390115898,1811,1288,1481,659,822,642.1
11/1/1961,6.1,80.7658,2.5,306364,0.42887078,1638,1269,1388,622,766,642.6
12/1/1961,6,81.6041,2.77,293015,0.436198228,1734,1175,1361,623,738,638.8
1/1/1962,5.8,80.2408,2.93,296932,0.468022544,1701,1161,1235,561,674,638.7
2/1/1962,5.5,81.4267,2.7,290789,0.485404288,1504,1118,1244,561,683,637.8
3/1/1962,5.6,81.8912,2.19,285784,0.479214486,1721,1049,1162,523,639,635.5
4/1/1962,5.6,81.7429,2.24,282623,0.480286738,1629,1105,1122,499,623,632.5
5/1/1962,5.5,81.3349,2.64,301972,0.503235827,1543,1131,1134,507,627,631.4
6/1/1962,5.5,80.9291,2.34,308059,0.489594173,1598,1101,1079,506,573,624.7
7/1/1962,5.4,81.476,2.34,305231,0.49122807,1592,1142,1049,484,565,617.6
8/1/1962,5.7,81.4168,2.13,307105,0.460004984,1731,1238,1081,485,596,623
9/1/1962,5.6,81.7875,2.13,302275,0.457712699,1749,1192,1096,567,529,620
10/1/1962,5.4,81.3851,2.09,305972,0.468840389,1636,1144,1022,516,506,617.6
11/1/1962,5.7,81.8392,2.02,300802,0.442842942,1838,1076,1051,611,440,610.9
12/1/1962,5.5,81.6791,1.99,310357,0.455848477,1732,1171,1068,558,510,607.4
1/1/1963,5.7,81.9446,1.99,304621,0.445017182,1730,1253,1122,578,544,605.8
2/1/1963,5.9,82.3778,1.89,294808,0.428504011,1858,1283,1137,540,597,605.6
3/1/1963,5.7,82.6243,1.9,287299,0.453094303,1701,1266,1087,488,599,606.8
4/1/1963,5.7,83.4581,1.97,293103,0.447595561,1717,1226,1071,480,591,610.7
5/1/1963,5.9,83.9513,1.85,290170,0.422338155,1870,1160,1157,552,605,612.1
6/1/1963,5.6,83.9398,1.85,287361,0.449585114,1719,1259,1067,567,500,613.8
7/1/1963,5.6,83.3448,1.82,280616,0.455689953,1693,1289,1070,522,548,613.2
8/1/1963,5.4,83.5014,1.34,290279,0.468540485,1677,1150,1114,593,521,612.4
9/1/1963,5.5,83.8227,1.36,289193,0.458175385,1695,1225,1069,510,559,611.3
10/1/1963,5.5,84.3071,1.33,286326,0.471532481,1738,1163,1071,541,530,610.7
11/1/1963,5.7,84.2946,1.36,280784,0.444712118,1859,1227,1054,533,521,608.8
12/1/1963,5.5,84.0095,1.47,301093,0.487798742,1774,1213,1007,517,490,610.4
1/1/1964,5.6,84.4621,1.35,278146,0.482501862,1805,1156,1057,553,504,607.3
2/1/1964,5.4,84.6673,1.35,262838,0.487029502,1708,1216,1015,528,487,607.4
3/1/1964,5.4,84.3575,1.4,277108,0.491392405,1783,1124,1039,534,505,607.4
4/1/1964,5.3,85.5869,1.38,263686,0.518631955,1767,1192,934,464,470,607.7
5/1/1964,5.1,85.5983,1.35,267340,0.540648247,1681,1094,975,471,504,605.7
6/1/1964,5.2,85.449,1.35,261464,0.550603041,1719,1109,1047,539,508,609.5
7/1/1964,4.9,85.861,1.41,254030,0.599223947,1486,1112,1002,479,523,608
8/1/1964,5,86.1105,1.32,244054,0.582216142,1696,1074,934,426,508,606.8
9/1/1964,5.1,86.1994,1.37,251902,0.581357759,1703,1097,917,457,460,610
10/1/1964,5.1,84.6252,1.45,256279,0.579441761,1754,1055,903,470,433,612.3
11/1/1964,4.8,86.8484,1.29,268779,0.636158829,1596,1047,922,484,438,614.7
12/1/1964,5,88.0025,0.96,251590,0.61681731,1672,1057,873,444,429,614.1
1/1/1965,4.9,88.5986,0.9,236202,0.638297872,1626,1092,793,404,389,614.2
2/1/1965,5.1,88.7226,0.8,239913,0.637533512,1743,1090,919,507,412,614.3
3/1/1965,4.7,89.2769,0.74,236864,0.685754986,1702,1029,796,437,359,611.1
4/1/1965,4.8,89.2868,0.71,235644,0.678998609,1747,1018,796,428,368,610.6
5/1/1965,4.6,89.4494,0.71,229863,0.739801865,1670,1043,736,385,351,610.4
6/1/1965,4.6,89.4582,0.81,230657,0.756716859,1656,1009,786,417,369,607.2
7/1/1965,4.4,90.2974,0.79,220110,0.780066647,1654,959,683,359,324,608.9
8/1/1965,4.4,89.8508,0.76,247092,0.81745544,1613,940,733,406,327,608.9
9/1/1965,4.3,89.5586,0.9,228216,0.857587065,1627,860,732,376,356,603.4
10/1/1965,4.2,89.7893,0.85,218745,0.90614063,1533,920,672,336,336,608.5
11/1/1965,4.1,89.6483,0.85,220030,0.989261308,1531,895,645,334,311,610.9
12/1/1965,4,90.5141,0.7,208651,1.024084461,1436,857,659,366,293,609.9
1/1/1966,4,90.8594,0.64,217763,1.048527443,1523,777,623,333,290,610.8
2/1/1966,3.8,90.9108,0.52,210278,1.135106383,1505,758,594,324,270,609.5
3/1/1966,3.8,91.5884,0.67,181579,1.173190163,1523,814,583,315,268,611.4
4/1/1966,3.8,91.5416,0.74,176263,1.151343706,1563,653,575,324,251,574.9
5/1/1966,3.9,91.6379,0.58,189249,1.114237288,1631,821,534,249,285,608.5
6/1/1966,3.8,91.5205,0.41,190957,1.156685237,1647,779,475,245,230,609.5
7/1/1966,3.8,91.4046,0.38,213734,1.156467316,1640,809,427,218,209,611.2
8/1/1966,3.8,91.0801,0.3,196906,1.133448276,1622,827,464,259,205,614.9
9/1/1966,3.7,91.2464,0.69,191811,1.151536812,1555,793,488,286,202,614.3
10/1/1966,3.7,91.618,0.57,195266,1.153681201,1541,780,494,273,221,613.9
11/1/1966,3.6,90.1293,0.37,203871,1.166787004,1499,776,464,264,200,611.4
12/1/1966,3.8,90.0246,0.78,216328,1.096840659,1582,745,488,278,210,612.3
1/1/1967,3.9,89.8425,1.03,209000,1.08490566,1608,854,489,286,203,611.7
2/1/1967,3.8,88.3949,0.82,229000,1.09399657,1596,862,459,258,201,609.7
3/1/1967,3.8,87.5162,1.32,260750,1.073727934,1586,869,436,256,180,608.4
4/1/1967,3.8,87.6555,1.78,263000,1.082210708,1547,896,428,254,174,605.8
5/1/1967,3.8,86.6106,2.02,235750,1.060771594,1581,905,417,264,153,604.1
6/1/1967,3.9,86.0691,2.17,232000,1.036096257,1704,883,422,272,150,602.7
7/1/1967,3.8,85.3074,2.47,227800,1.03294837,1642,863,412,261,151,604.2
8/1/1967,3.8,86.4918,2.43,212750,1.063157895,1595,928,441,241,200,590.5
9/1/1967,3.8,86.0644,2.41,216400,1.046315078,1667,895,448,286,162,587.4
10/1/1967,4,86.3701,2.64,216750,1.006681515,1730,962,472,294,178,585.6
11/1/1967,3.9,87.5349,2.59,206250,1.023157208,1680,905,490,308,182,585.6
12/1/1967,3.8,88.0043,2.42,211200,1.048045063,1616,920,485,290,195,585
1/1/1968,3.7,87.4083,2.24,215750,1.123349548,1458,904,503,313,190,582.4
2/1/1968,3.8,87.406,2.09,210750,1.063978674,1710,845,468,289,179,584
3/1/1968,3.7,87.1599,1.8,195200,1.133472367,1651,784,447,268,179,582.7
4/1/1968,3.5,86.8637,1.21,199000,1.224067922,1436,856,393,244,149,596.6
5/1/1968,3.5,87.5779,0.92,199000,1.214233577,1567,745,395,259,136,596.7
6/1/1968,3.7,87.3816,1,193600,1.131381892,1755,816,405,243,162,597.2
7/1/1968,3.7,86.7395,0.96,196250,1.183836282,1647,831,426,267,159,599.9
8/1/1968,3.5,86.7914,0.79,199400,1.255057804,1645,765,393,240,153,600.9
9/1/1968,3.4,86.4664,1.01,191000,1.319434103,1534,781,375,243,132,602.7
10/1/1968,3.4,86.639,0.93,186000,1.384529565,1507,799,386,252,134,556.8
11/1/1968,3.4,87.4967,1.19,183400,1.371639042,1593,768,357,226,131,601.9
12/1/1968,3.4,87.1342,1.21,199500,1.365735568,1527,800,351,191,160,600.5
1/1/1969,3.4,87.3049,1.02,191500,1.405813098,1554,785,339,209,130,600.8
2/1/1969,3.4,87.6721,0.69,196000,1.417904903,1442,863,358,243,115,600.9
3/1/1969,3.4,88.0022,0.72,189000,1.418510325,1603,770,353,234,119,597.2
4/1/1969,3.4,87.2997,0.13,184000,1.408629442,1600,764,386,253,133,596.3
5/1/1969,3.4,86.6171,-1.15,181200,1.434205676,1649,657,387,261,126,596.9
6/1/1969,3.5,86.8129,-1.2,192000,1.332386364,1664,799,368,244,124,597.6
7/1/1969,3.5,87.1131,-0.77,208750,1.30055788,1686,816,377,217,160,603.3
8/1/1969,3.5,86.9051,-1.33,198400,1.281162465,1637,865,373,241,132,608.9
9/1/1969,3.7,86.4612,-1.1,194750,1.275657895,1693,963,391,243,148,612.7
10/1/1969,3.7,86.2252,-0.78,199250,1.251885864,1814,853,374,238,136,614
11/1/1969,3.5,85.0097,-0.6,205000,1.305322129,1580,888,392,246,146,612.1
12/1/1969,3.5,84.2408,-0.32,219750,1.247572816,1585,883,413,281,132,612.7
1/1/1970,3.9,82.1173,-0.12,247000,1.076226179,1800,933,431,288,143,608
2/1/1970,4.2,81.9212,-0.2,258500,0.987257457,1950,1048,470,309,161,606.6
3/1/1970,4.4,81.4289,0.87,268250,0.887207703,1978,1133,534,353,181,605.7
4/1/1970,4.6,80.8833,0.6,325250,0.825388465,2139,1106,602,400,202,602.9
5/1/1970,4.8,80.4409,1.04,310400,0.750191375,2109,1241,591,360,231,601.8
6/1/1970,4.9,79.9473,1.65,296500,0.708179808,2100,1290,657,433,224,604.9
7/1/1970,5,79.945,2.19,286500,0.666826347,2132,1329,662,428,234,604.7
8/1/1970,5.1,79.1543,2.83,285400,0.647321429,2182,1348,705,454,251,609.9
9/1/1970,5.4,78.2443,3.1,318500,0.612208259,2235,1448,788,507,281,610.9
10/1/1970,5.5,76.2589,3.13,333600,0.552820736,2386,1470,771,512,259,611.4
11/1/1970,5.9,75.559,3.78,325250,0.516945692,2338,1713,871,539,332,612
12/1/1970,6.1,77.311,4.22,306000,0.499605989,2369,1586,1102,719,383,611.2
1/1/1971,5.9,77.7458,4.6,298800,0.489370237,2302,1626,1113,683,430,605.2
2/1/1971,5.9,77.5839,4.67,284000,0.510911687,2178,1633,1068,620,448,600.5
3/1/1971,6,77.2246,4.75,293750,0.502105474,2144,1637,1098,645,453,598.9
4/1/1971,5.9,77.4322,4.3,287500,0.504335552,2206,1575,1149,695,454,599.2
5/1/1971,5.9,77.7554,3.99,292200,0.507405925,2229,1566,1173,665,508,599.9
6/1/1971,5.9,77.7532,3.84,296500,0.533036977,2180,1606,1167,626,541,599
7/1/1971,6,77.688,3.45,293200,0.516385303,2210,1549,1251,684,567,580.3
8/1/1971,6.1,76.5742,3.2,325250,0.511297234,2337,1568,1261,711,550,597.7
9/1/1971,6,77.9273,3.04,320250,0.515073384,2301,1568,1239,676,563,604.2
10/1/1971,5.8,78.8866,3.28,297600,0.531085991,2222,1546,1268,677,591,540.3
11/1/1971,6,78.9796,3.47,287000,0.521798101,2304,1629,1277,696,581,544.5
12/1/1971,6,79.5135,4.24,273000,0.529297633,2320,1518,1283,700,583,604
1/1/1972,5.8,81.3388,4.73,271200,0.5692369,2324,1489,1257,664,593,602.5
2/1/1972,5.7,81.7636,4.94,263500,0.592329546,2111,1470,1292,641,651,598.5
3/1/1972,5.8,82.1162,4.41,262750,0.59210004,2303,1418,1232,600,632,601.5
4/1/1972,5.7,82.861,4.07,263000,0.607582174,2229,1500,1203,530,673,595.3
5/1/1972,5.7,82.732,3.96,267750,0.622714344,2192,1534,1168,588,580,598.6
6/1/1972,5.7,82.8246,3.74,273250,0.629900467,2279,1489,1141,591,550,600
7/1/1972,5.6,82.6424,3.68,297600,0.644412782,2248,1515,1154,635,519,596.7
8/1/1972,5.6,83.4692,3.39,253500,0.665114396,2285,1541,1156,619,537,605.8
9/1/1972,5.5,83.8813,3.22,256200,0.685914622,2353,1390,1131,583,548,611.5
10/1/1972,5.6,84.8895,3.02,251000,0.713846154,2351,1472,1123,601,522,611.3
11/1/1972,5.3,85.6953,2.93,250750,0.770317253,2191,1386,1040,570,470,608.9
12/1/1972,5.2,86.5853,2.6,242400,0.846797271,2003,1460,1006,551,455,604.7
1/1/1973,4.9,86.9152,1.96,228500,0.912390199,2035,1344,947,537,410,601.2
2/1/1973,5,88.0686,1.39,222000,0.885220126,2259,1263,894,522,372,604
3/1/1973,4.9,87.9485,0.94,227200,0.905325444,2136,1340,889,501,388,603.6
4/1/1973,5,87.5274,0.97,239000,0.876653958,2260,1474,809,469,340,603.8
5/1/1973,4.9,87.7808,0.22,240250,0.913143913,2223,1320,816,467,349,605.3
6/1/1973,4.9,87.4438,-0.36,238800,0.911757965,2322,1248,779,454,325,611.7
7/1/1973,4.8,87.5569,-2.16,242750,0.939140534,2271,1314,756,474,282,617
8/1/1973,4.8,87.0195,-1.97,258250,0.916608595,2290,1260,788,454,334,622.7
9/1/1973,4.8,87.4956,-2.15,246800,0.899770115,2211,1346,785,490,295,625.7
10/1/1973,4.6,87.9176,-1.6,241500,0.958735521,2063,1321,793,457,336,630.1
11/1/1973,4.8,88.3176,-1.61,253750,0.89899909,2288,1256,832,482,350,636.3
12/1/1973,4.9,88.1203,-1.47,284000,0.843840499,2332,1310,767,439,328,641
1/1/1974,5.1,87.1125,-1.17,305250,0.815030146,2400,1404,799,467,332,645.5
2/1/1974,5.2,86.4958,-0.44,318500,0.782498415,2432,1426,829,495,334,649.2
3/1/1974,5.1,86.1818,-0.73,311600,0.802114804,2413,1403,849,519,330,650.1
4/1/1974,5.1,85.515,-1.64,293000,0.830662625,2337,1456,889,535,354,659.8
5/1/1974,5.1,85.917,-2.26,297500,0.804675877,2457,1409,880,524,356,666.8
6/1/1974,5.4,85.7823,-2.66,305600,0.74812259,2497,1517,926,559,367,672.1
7/1/1974,5.5,85.4045,-3.44,309500,0.702547897,2526,1602,924,537,387,678.5
8/1/1974,5.5,84.5183,-2.24,341400,0.691358025,2609,1483,960,572,388,684.9
9/1/1974,5.9,84.3726,-1.16,360750,0.612286187,2723,1680,1021,630,391,692.8
10/1/1974,6,83.552,0.42,396750,0.559659605,2723,1770,1072,674,398,703.4
11/1/1974,6.6,80.8964,1.15,457600,0.465635179,3052,1918,1128,698,430,707.3
12/1/1974,7.2,77.1257,2.1,524000,0.394816154,3125,2151,1326,788,538,672.9
1/1/1975,8.1,75.4159,3.68,535000,0.329289428,3293,2646,1555,930,625,715.3
2/1/1975,8.1,73.1885,4.41,544500,0.320744681,2947,2616,1841,1124,717,718.3
3/1/1975,8.6,72.1021,4.94,546600,0.293557283,3193,2630,2074,1305,769,720.9
4/1/1975,8.8,71.8768,5.09,525250,0.285992692,2915,2719,2442,1478,964,716.9
5/1/1975,9,71.719,5.47,498800,0.27795565,3051,2692,2643,1554,1089,727.5
6/1/1975,8.8,72.221,5.07,495500,0.305839416,2872,2526,2843,1538,1305,727.4
7/1/1975,8.6,73.0645,4.45,442000,0.314753292,2882,2268,2943,1542,1401,727.5
8/1/1975,8.4,73.7221,4.45,452000,0.319122099,2808,2371,2862,1390,1472,731.6
9/1/1975,8.4,74.7675,4.37,445250,0.327653667,2878,2357,2906,1308,1598,732.9
10/1/1975,8.4,75.0253,4.8,421250,0.32885906,2962,2392,2689,1241,1448,737.6
11/1/1975,8.3,75.0623,5.34,400600,0.3456505,2718,2345,2789,1144,1645,737.8
12/1/1975,8.2,75.8903,5.36,374250,0.348527893,2762,2191,2868,1282,1586,743.4
1/1/1976,7.9,76.7286,5.54,371200,0.366737457,2749,2154,2713,1132,1581,744.8
2/1/1976,7.7,77.6935,5.47,348250,0.397488398,2799,1980,2519,986,1533,743.1
3/1/1976,7.6,77.6502,5.28,360500,0.405947441,2628,1995,2441,981,1460,747.2
4/1/1976,7.7,77.981,5.12,370250,0.398090041,2938,2011,2210,801,1409,745.3
5/1/1976,7.4,78.2339,4.57,391600,0.423507727,2795,2049,2115,896,1219,745.8
6/1/1976,7.6,78.0505,4.41,393750,0.410406993,2787,2281,2332,979,1353,749
7/1/1976,7.8,78.4676,4.51,390800,0.397463284,2965,2181,2316,1066,1250,756.6
8/1/1976,7.8,78.7978,4.35,388500,0.396648045,2893,2323,2378,1098,1280,728.1
9/1/1976,7.6,78.7815,4.15,407500,0.401084011,2910,2329,2296,1092,1204,759.7
10/1/1976,7.7,78.5649,4.27,409000,0.403364738,2945,2285,2292,1061,1231,760
11/1/1976,7.8,79.3492,4.28,389500,0.402230971,2826,2449,2354,1076,1278,761.8
12/1/1976,7.8,79.9773,4.47,373750,0.424387011,2921,2304,2375,1041,1334,766.1
1/1/1977,7.5,79.5832,4.47,401800,0.453021978,2894,2206,2200,989,1211,771.8
2/1/1977,7.6,80.7913,4.44,450750,0.443369609,3015,2240,2174,969,1205,775.1
3/1/1977,7.4,81.7301,4.43,360250,0.464759819,2993,2213,2057,894,1163,787.5
4/1/1977,7.2,82.3711,4.34,367400,0.49412098,3015,1994,1936,816,1120,792.7
5/1/1977,7,82.8563,3.66,380250,0.518738243,2754,2170,1928,859,1069,796.2
6/1/1977,7.2,83.3177,3.52,361250,0.507148865,3138,2078,1918,892,1026,807.2
7/1/1977,6.9,83.0892,3.45,361400,0.543710646,2859,2060,1907,934,973,783.5
8/1/1977,7,83.2306,2.92,367250,0.548592058,2896,2207,1836,938,898,768.6
9/1/1977,6.8,83.1168,2.66,368750,0.56065768,2883,2125,1853,914,939,802.4
10/1/1977,6.8,83.0752,2.42,359000,0.587165459,2883,2127,1789,876,913,805.5
11/1/1977,6.8,82.962,2.44,353500,0.602347762,2924,2080,1804,908,896,811
12/1/1977,6.4,83.618,2.43,359600,0.66113373,2729,1941,1717,859,858,670.4
1/1/1978,6.4,82.1815,2.47,351000,0.65587918,2824,1989,1643,830,813,668.3
2/1/1978,6.3,82.2159,2.42,383250,0.678854068,2764,1942,1584,917,667,672.2
3/1/1978,6.3,83.4091,2.43,349000,0.697806533,2871,1966,1531,817,714,686.3
4/1/1978,6.1,84.492,2.43,326000,0.758576052,2750,1888,1502,822,680,841.1
5/1/1978,6,84.5244,2.13,327000,0.758935858,2870,1827,1420,728,692,846.8
6/1/1978,5.9,84.9142,2,324250,0.772063703,2788,1946,1352,712,640,854.9
7/1/1978,6.2,84.6005,1.79,350200,0.737834839,3069,1867,1373,715,658,861.5
8/1/1978,5.9,84.7358,1.44,348750,0.778125,2858,1967,1242,630,612,863.8
9/1/1978,6,84.8577,0.97,322600,0.783183674,2941,1884,1308,684,624,868.2
10/1/1978,5.8,85.2256,0.63,328250,0.832688751,2786,1833,1319,723,596,875.1
11/1/1978,5.9,85.7478,0.07,330500,0.809939115,2903,1881,1242,709,533,883.5
12/1/1978,6,86.1402,-0.09,355600,0.795118818,2978,2004,1269,759,510,887.7
1/1/1979,5.9,85.1803,0.06,357500,0.803732198,2791,2003,1250,717,533,891.1
2/1/1979,5.9,85.2462,0.02,358500,0.778389762,2899,1964,1297,745,552,898.2
3/1/1979,5.8,85.4214,0.17,358000,0.793092159,2843,1935,1365,773,592,904.8
4/1/1979,5.8,83.8034,0.32,415500,0.824682814,2938,1908,1272,723,549,904.7
5/1/1979,5.6,84.656,0.23,348000,0.850856164,2773,1897,1239,719,520,908
6/1/1979,5.7,84.509,0.09,360000,0.822453432,2947,1816,1171,650,521,913.7
7/1/1979,5.7,84.3966,-0.18,379250,0.811207472,2890,1982,1123,653,470,922.3
8/1/1979,6,83.1202,-0.59,393750,0.778955696,3296,1820,1203,669,534,929.6
9/1/1979,5.9,83.1199,-0.89,385800,0.816155089,2946,2054,1172,640,532,933.8
10/1/1979,6,83.2014,-2.37,402250,0.815279543,3039,2011,1219,689,530,939.3
11/1/1979,5.9,82.8171,-1.19,413250,0.771080475,3030,1883,1239,688,551,942.1
12/1/1979,6,82.9125,-1.72,428200,0.755098814,3013,2033,1277,733,544,949.4
1/1/1980,6.3,83.0734,-1.4,414250,0.697441269,3215,2063,1353,805,548,953.1
2/1/1980,6.3,82.7633,-0.56,418000,0.679946285,3134,2200,1358,850,508,959.4
3/1/1980,6.3,81.9573,-2.74,433800,0.667409719,3097,2272,1457,835,622,965.5
4/1/1980,6.9,80.0382,-3.42,529750,0.538869258,3374,2388,1694,1003,691,974.7
5/1/1980,7.5,77.5079,2.19,615800,0.456663327,3754,2608,1740,1021,719,987.8
6/1/1980,7.6,76.1562,3.24,607000,0.45640899,3409,2879,1760,987,773,997.6
7/1/1980,7.8,75.1566,3.62,559250,0.443501136,3458,2817,1995,1111,884,983.2
8/1/1980,7.7,75.5338,3.54,528200,0.449945659,3415,2658,2162,1232,930,980.7
9/1/1980,7.5,76.5352,2.83,482750,0.485101608,3150,2613,2309,1343,966,997.2
10/1/1980,7.5,77.6924,1.42,438000,0.482566766,3236,2544,2306,1246,1060,1008.1
11/1/1980,7.5,78.9089,-1.21,412600,0.507914745,3146,2498,2329,1196,1133,1026.1
12/1/1980,7.2,78.8967,-3.76,410000,0.507774035,3097,2234,2406,1259,1147,1041.5
1/1/1981,7.5,78.4041,-4.05,413000,0.474786272,3318,2334,2389,1126,1263,1055.1
2/1/1981,7.4,77.7375,-0.56,428750,0.483915042,3287,2412,2344,1099,1245,1064.7
3/1/1981,7.4,77.7565,0.64,407500,0.487095966,3328,2428,2276,1059,1217,1078.1
4/1/1981,7.2,77.9284,-0.16,410250,0.493455331,3185,2436,2231,1099,1132,941.2
5/1/1981,7.5,78.0973,-2.57,416400,0.469415219,3409,2594,2221,1072,1149,953.7
6/1/1981,7.5,77.4655,-3.3,433000,0.477154853,3340,2403,2250,1127,1123,1107.4
7/1/1981,7.2,77.4185,-2.87,430750,0.487345797,3307,2408,2166,1080,1086,1136
8/1/1981,7.4,77.2816,-1.48,450200,0.472996516,3320,2487,2241,1077,1164,1151.9
9/1/1981,7.6,76.7235,1.05,473250,0.437302552,3493,2524,2261,1147,1114,1162.2
10/1/1981,7.9,75.8551,2.03,492800,0.393014111,3656,2654,2303,1169,1134,1166.3
11/1/1981,8.3,74.7495,3.08,511750,0.375013844,3812,2810,2345,1202,1143,1176
12/1/1981,8.5,73.327,4.18,551000,0.348116974,3949,2989,2374,1203,1171,1177.4
1/1/1982,8.6,71.4091,3.88,535200,0.341811216,3924,3074,2409,1223,1186,1171.6
2/1/1982,8.9,73.2401,2.4,533750,0.318495621,3808,3122,2758,1479,1279,1173.1
3/1/1982,9,72.4811,2.14,556500,0.303183426,3896,3107,2965,1607,1358,1175
4/1/1982,9.3,71.8348,1.84,587000,0.280652089,3951,3227,3086,1585,1501,1155.3
5/1/1982,9.4,71.589,2.19,583800,0.27605225,3885,3295,3276,1659,1617,1129.3
6/1/1982,9.6,71.3459,2.77,599500,0.255456443,3606,3413,3451,1667,1784,1107
7/1/1982,9.8,71.1779,4.21,576000,0.236427321,3929,3300,3555,1739,1816,1078.7
8/1/1982,9.8,70.4734,6.2,629500,0.229114971,3895,3354,3696,1830,1866,1054.6
9/1/1982,10.1,70.2238,5.32,660750,0.210751538,3966,3494,3889,1871,2018,1033.5
10/1/1982,10.4,69.3371,5.02,652400,0.205134877,3873,3471,4185,1939,2246,1010.6
11/1/1982,10.8,68.827,5.1,594250,0.198609482,3974,3518,4485,2147,2338,991.2
12/1/1982,10.8,68.5547,5.19,523750,0.204796283,3939,3425,4662,2098,2564,974.2
1/1/1983,10.4,70.1669,5.26,501000,0.216490376,3654,3312,4668,2001,2667,955.1
2/1/1983,10.4,70.0597,5.44,488750,0.216197488,3717,3177,4641,1925,2716,929.6
3/1/1983,10.3,70.647,4.84,480250,0.225368163,3502,3150,4612,1866,2746,920.4
4/1/1983,10.2,71.4444,4.49,496000,0.233759318,3539,3112,4370,1660,2710,906.5
5/1/1983,10.1,72.299,4.46,468000,0.256589564,3531,2979,4538,1788,2750,901.9
6/1/1983,10.1,72.8268,4.39,444250,0.25529077,3686,2926,4470,1585,2885,899
7/1/1983,9.4,73.843,4.02,408000,0.2883011,3459,2821,4329,1735,2594,904.7
8/1/1983,9.5,74.3782,4.08,435750,0.291066554,3632,3035,4070,1540,2530,902.7
9/1/1983,9.2,75.7499,4.1,408750,0.306555145,3768,2774,3854,1413,2441,901.9
10/1/1983,8.8,76.536,3.98,402200,0.348943057,3491,2736,3648,1371,2277,913.4
11/1/1983,8.5,76.7587,4.27,392500,0.364143594,3347,2644,3535,1368,2167,914.1
12/1/1983,8.3,76.8957,4.28,368800,0.385596399,3455,2521,3379,1318,2061,917.1
1/1/1984,8,78.202,4.09,351000,0.409746892,3309,2532,3254,1214,2040,919.9
2/1/1984,7.8,78.9109,4,339250,0.438971676,3327,2485,2991,1157,1834,920.3
3/1/1984,7.8,79.1526,4.08,345800,0.441687629,3335,2501,2881,1101,1780,922.8
4/1/1984,7.7,79.4306,4.02,369250,0.460168911,3362,2459,2858,1094,1764,922.3
5/1/1984,7.4,79.4586,4.42,360250,0.483680227,3167,2387,2884,1193,1691,928.4
6/1/1984,7.2,79.6438,3.99,361400,0.507537078,3261,2273,2612,1036,1576,933.6
7/1/1984,7.5,79.8157,3.92,360500,0.496544454,3392,2472,2638,1048,1590,935.3
8/1/1984,7.5,79.7535,2.99,389500,0.480220683,3567,2415,2604,1089,1515,938.4
9/1/1984,7.3,79.3743,3.05,395400,0.501493964,3325,2558,2538,1087,1451,934.6
10/1/1984,7.4,79.4565,3.95,419250,0.503639184,3423,2392,2526,1099,1427,925.1
11/1/1984,7.2,79.4923,4.05,407000,0.508416687,3392,2356,2438,1016,1422,920
12/1/1984,7.3,79.521,5.02,385600,0.519382627,3371,2578,2401,1008,1393,910.7
1/1/1985,7.3,79.0248,4.91,370750,0.501958922,3667,2536,2284,969,1315,908.6
2/1/1985,7.2,78.5122,4.73,391750,0.511116452,3471,2452,2389,1045,1344,906.3
3/1/1985,7.2,78.9153,5.11,380800,0.523923732,3519,2443,2394,1045,1349,905.9
4/1/1985,7.3,78.3427,5.24,398250,0.506253723,3499,2495,2393,1015,1378,910.6
5/1/1985,7.2,78.269,5.18,392750,0.523488316,3503,2556,2292,1057,1235,905.3
6/1/1985,7.4,78.2037,4.87,392400,0.512529551,3538,2517,2310,1029,1281,899.3
7/1/1985,7.4,77.5503,4.55,378250,0.506167039,3555,2554,2329,1062,1267,889.9
8/1/1985,7.1,77.8304,4.6,404400,0.52806247,3439,2515,2258,1036,1222,882.9
9/1/1985,7.1,77.7663,4.56,408500,0.534796314,3494,2570,2242,1009,1233,874.4
10/1/1985,7.1,77.3974,4.37,405750,0.523017595,3424,2545,2295,1096,1199,868.7
11/1/1985,7,77.7775,3.94,393400,0.543799213,3463,2456,2207,910,1297,860.7
12/1/1985,7,77.9878,3.31,385250,0.529368395,3393,2544,2208,1003,1205,855.1
1/1/1986,6.7,78.7596,3.3,366750,0.551635664,3333,2414,2089,1002,1087,851.7
2/1/1986,7.2,78.2625,3.25,369500,0.510235658,3516,2569,2308,1125,1183,834.4
3/1/1986,7.2,77.941,3.02,381200,0.50805201,3540,2586,2261,1088,1173,807.9
4/1/1986,7.1,78.15,3.2,385750,0.512075562,3598,2666,2162,988,1174,779.2
5/1/1986,7.2,78.2308,3.44,386000,0.498874274,3586,2670,2232,1064,1168,750.2
6/1/1986,7.2,77.8937,3.42,370500,0.525858016,3489,2705,2320,1040,1280,733.2
7/1/1986,7,78.1888,3.6,362000,0.515927395,3446,2548,2269,1056,1213,726.6
8/1/1986,6.9,78.3459,4.01,407400,0.53275968,3439,2398,2276,1084,1192,707.6
9/1/1986,7,78.3954,4.31,395500,0.527436823,3405,2642,2318,1081,1237,692.5
10/1/1986,7,78.5914,4.39,383250,0.529782846,3416,2599,2188,974,1214,690.3
11/1/1986,6.9,78.8061,4.03,363200,0.558401765,3343,2630,2202,1037,1165,685.4
12/1/1986,6.6,79.3076,3.06,358250,0.546746163,3297,2397,2161,1011,1150,679.8
1/1/1987,6.6,78.9086,3.29,345600,0.539406994,3390,2399,2168,1028,1140,675.9
2/1/1987,6.6,79.8874,3.55,348750,0.57380801,3323,2415,2117,1004,1113,674.6
3/1/1987,6.6,79.7239,3.48,333250,0.598193844,3386,2393,2070,949,1121,675.8
4/1/1987,6.3,79.9718,3.67,336250,0.618536197,3162,2236,2091,1012,1079,678.6
5/1/1987,6.3,80.3319,3.66,331000,0.632954846,3315,2100,2104,992,1112,681.6
6/1/1987,6.2,80.3842,3.79,322250,0.646120573,3167,2173,2087,1012,1075,682.1
7/1/1987,6.1,80.8139,4.03,319250,0.659053385,3217,2146,1921,938,983,684.2
8/1/1987,6,81.1409,4.07,325600,0.690538493,3191,2155,1878,833,1045,688.5
9/1/1987,5.9,81.4069,4.09,309750,0.701351732,3224,2031,1866,877,989,693.6
10/1/1987,6,82.5287,4.33,300000,0.697799917,3241,2162,1794,838,956,699.8
11/1/1987,5.8,82.871,4.54,306750,0.725799574,3172,2083,1797,871,926,697
12/1/1987,5.7,83.2547,4.52,318750,0.7044406,3178,1979,1767,867,900,696.1
1/1/1988,5.7,83.0275,4.24,335600,0.686034805,3086,2151,1714,845,869,692.4
2/1/1988,5.7,83.16,4.04,318750,0.698513494,3057,2110,1738,850,888,691.6
3/1/1988,5.7,83.2926,3.99,305500,0.720767888,3042,2087,1744,896,848,690.6
4/1/1988,5.4,83.9766,4.03,312200,0.746553553,3107,1930,1563,753,810,690
5/1/1988,5.6,83.7993,3.95,313750,0.741259773,3095,2036,1647,801,846,688.3
6/1/1988,5.4,83.9036,3.49,308250,0.747784907,3101,1924,1531,726,805,686
7/1/1988,5.4,83.8375,3.36,321600,0.754882665,2998,2067,1601,805,796,683.4
8/1/1988,5.6,83.8396,3.2,314750,0.731404355,3172,1973,1639,844,795,680.8
9/1/1988,5.4,84.1076,2.71,304500,0.725015142,3152,1880,1569,756,813,675
10/1/1988,5.4,84.4675,2.11,291400,0.769031669,3106,1864,1562,794,768,671.9
11/1/1988,5.3,84.6029,2.13,290500,0.749426342,3097,1967,1468,765,703,665.7
12/1/1988,5.3,84.9109,1.89,293200,0.76772016,2972,2023,1490,751,739,663.3
1/1/1989,5.4,85.4913,1.53,289750,0.728225082,3146,2010,1480,748,732,663.1
2/1/1989,5.2,84.5141,1.25,303750,0.763642082,3194,1877,1304,669,635,658.4
3/1/1989,5,84.262,0.82,322000,0.762610798,3042,1850,1353,683,670,662.4
4/1/1989,5.2,84.307,0.77,311800,0.769789734,3110,1984,1397,680,717,663.7
5/1/1989,5.2,83.3774,0.65,324500,0.747137255,3052,1987,1348,714,634,663.4
6/1/1989,5.3,83.3522,0.5,333000,0.694693629,3303,2020,1300,687,613,653.7
7/1/1989,5.2,82.2083,0.63,341600,0.716551193,3173,1961,1435,814,621,643.5
8/1/1989,5.2,82.7188,0.89,334500,0.70926125,3090,2038,1302,742,560,667.6
9/1/1989,5.3,82.2981,0.89,336000,0.696358118,3214,1981,1360,761,599,669
10/1/1989,5.3,81.949,0.97,363250,0.709803922,3218,1992,1392,746,646,669.1
11/1/1989,5.4,81.9114,1.26,336750,0.673457249,3247,2035,1418,763,655,671.9
12/1/1989,5.4,81.7555,1.37,355200,0.701064947,3275,1987,1375,740,635,672.1
1/1/1990,5.4,81.3776,1.71,361000,0.683501185,3189,2091,1412,766,646,675.9
2/1/1990,5.3,82.3432,1.9,358250,0.663960307,3223,2066,1350,726,624,677.3
3/1/1990,5.2,82.5552,1.93,345200,0.666565626,3206,2101,1331,694,637,677.2
4/1/1990,5.4,82.1147,2.04,361750,0.636604384,3269,2171,1376,727,649,679.2
5/1/1990,5.4,82.0991,2.23,355250,0.626965292,3117,2269,1415,771,644,682.9
6/1/1990,5.2,82.1629,1.93,362400,0.63323217,3151,2118,1436,796,640,683.7
7/1/1990,5.5,81.8541,2.05,367000,0.603727247,3221,2240,1534,846,688,682.7
8/1/1990,5.7,81.9646,2.28,384250,0.558430718,3320,2254,1607,877,730,680.1
9/1/1990,5.9,81.7812,2.44,394000,0.523751357,3280,2374,1695,914,781,681.1
10/1/1990,5.9,80.9806,2.63,425250,0.491620861,3347,2416,1689,911,778,679
11/1/1990,6.2,79.9687,2.81,446750,0.438948995,3442,2465,1831,998,833,679.5
12/1/1990,6.3,79.2722,3.12,455000,0.431590938,3462,2565,1804,973,831,681.3
1/1/1991,6.4,78.5771,3.54,439750,0.395134124,3470,2630,1866,998,868,679.9
2/1/1991,6.6,77.9497,3.82,484000,0.370235935,3585,2729,1955,1051,904,680.3
3/1/1991,6.8,77.3058,3.97,498600,0.34940601,3539,2930,2137,1186,951,679.9
4/1/1991,6.7,77.485,4.03,467250,0.353833393,3400,2801,2206,1227,979,675
5/1/1991,6.9,77.9318,4.08,447000,0.34077381,3621,2864,2252,1208,1044,670.3
6/1/1991,6.9,78.6575,4.06,428600,0.347906121,3428,2862,2533,1424,1109,666.6
7/1/1991,6.8,78.8326,4.07,418250,0.339040298,3422,2803,2388,1280,1108,661.2
8/1/1991,6.9,78.8973,3.99,431600,0.330833141,3446,2752,2460,1292,1168,655.8
9/1/1991,6.9,79.6502,4.06,424500,0.3326072,3478,2734,2497,1306,1191,649.2
10/1/1991,7,79.3856,4.28,422750,0.313277539,3473,2779,2638,1403,1235,643.1
11/1/1991,7,79.1067,4.64,445400,0.315194267,3460,2781,2718,1342,1376,636.2
12/1/1991,7.3,78.8266,4.83,456750,0.308327897,3473,2813,2892,1388,1504,632.3
1/1/1992,7.3,78.1845,5.1,439000,0.290423355,3398,2826,3060,1437,1623,628.1
2/1/1992,7.4,78.7112,5.17,442200,0.296594034,3277,2953,3182,1478,1704,623.9
3/1/1992,7.4,79.3274,5.27,429500,0.311205074,3412,2801,3196,1425,1771,622.5
4/1/1992,7.4,79.5596,5.48,418250,0.301646309,3296,2821,3130,1380,1750,618.6
5/1/1992,7.6,79.8246,5.31,417400,0.301108374,3417,2788,3444,1460,1984,615.6
6/1/1992,7.8,79.8423,5.29,418750,0.288645418,3518,2809,3758,1608,2150,608.6
7/1/1992,7.7,80.3571,5.59,442750,0.292182741,3438,2832,3614,1490,2124,606.8
8/1/1992,7.6,79.8177,5.35,407200,0.301011546,3436,2840,3579,1506,2073,602.9
9/1/1992,7.6,79.6579,5.4,417000,0.291892445,3428,2882,3504,1393,2111,597.2
10/1/1992,7.3,79.9902,5.74,377800,0.309640349,3356,2630,3505,1311,2194,598.8
11/1/1992,7.4,80.1408,5.87,362250,0.314479875,3317,2923,3397,1405,1992,598.3
12/1/1992,7.4,79.8867,5.89,339000,0.315057026,3189,2759,3651,1595,2056,597.6
1/1/1993,7.3,80.5079,5.65,345600,0.31538874,3299,2649,3346,1380,1966,598.4
2/1/1993,7.1,80.5603,5.36,338250,0.332462158,3461,2580,3190,1283,1907,588.6
3/1/1993,7,80.2285,5.08,351000,0.335026502,3260,2666,3115,1309,1806,591.3
4/1/1993,7.1,80.5476,5.18,354750,0.333040615,3350,2620,3014,1381,1633,589.7
5/1/1993,7.1,80.3554,5.21,343600,0.345502241,3363,2617,3101,1325,1776,590.6
6/1/1993,7,80.0895,5.03,342750,0.337134086,3218,2778,3141,1355,1786,582.4
7/1/1993,6.9,80.1824,4.87,350800,0.356774916,3292,2586,3046,1276,1770,580.4
8/1/1993,6.8,79.8901,4.57,341000,0.371904599,3176,2595,3026,1256,1770,574.6
9/1/1993,6.7,80.2734,4.25,339000,0.365274271,3127,2516,3042,1286,1756,577.6
10/1/1993,6.8,80.8158,4.32,349800,0.382514286,3336,2514,3029,1220,1809,577.4
11/1/1993,6.6,80.9889,4.64,341000,0.394872395,3087,2518,2986,1186,1800,576.9
12/1/1993,6.5,81.2822,4.73,323000,0.409106995,3246,2362,2968,1186,1782,590
1/1/1994,6.6,81.2276,4.6,359200,0.41622248,3184,2384,3060,1327,1733,587.1
2/1/1994,6.6,81.1176,4.51,348500,0.436094606,2652,2714,3118,1359,1759,583.4
3/1/1994,6.5,81.9596,4.79,335750,0.447933884,2789,2543,3055,1275,1780,580.2
4/1/1994,6.4,82.4172,4.96,344000,0.455407514,2842,2430,2921,1175,1746,578
5/1/1994,6.1,82.6854,4.61,359000,0.49842072,2652,2462,2836,1140,1696,575.2
6/1/1994,6.1,82.6366,4.4,340000,0.48492494,2757,2449,2735,1155,1580,575.3
7/1/1994,6.1,82.6865,4.54,342200,0.509312862,2820,2316,2822,1260,1562,573.5
8/1/1994,6,83.0508,4.27,336250,0.490860961,2671,2569,2750,1181,1569,573.9
9/1/1994,5.9,83.1713,4.25,330250,0.509956038,2671,2317,2746,1203,1543,576
10/1/1994,5.8,83.6867,4.44,333400,0.549921384,2424,2283,2955,1364,1591,572.7
11/1/1994,5.6,84.0091,4.03,328000,0.562169492,2619,2164,2666,1196,1470,572.3
12/1/1994,5.5,84.6255,3.65,323200,0.594605809,2581,2146,2488,1121,1367,569.7
1/1/1995,5.6,84.4617,3.55,333500,0.562169492,2764,2164,2396,1056,1340,568.2
2/1/1995,5.4,83.899,2.93,337750,0.577988034,2578,2197,2345,1119,1226,563.5
3/1/1995,5.4,83.7901,2.72,340250,0.567733818,2572,2276,2287,949,1338,564.2
4/1/1995,5.8,83.2893,2.55,350200,0.539045128,2730,2370,2473,1060,1413,562.1
5/1/1995,5.6,83.1284,2.19,370250,0.514804845,2603,2332,2577,1261,1316,560.1
6/1/1995,5.6,83.1829,1.9,366250,0.522956779,2744,2354,2266,1031,1235,557.9
7/1/1995,5.7,82.2849,2.19,371400,0.544440016,2627,2565,2311,1061,1250,557
8/1/1995,5.7,82.8201,2.45,356250,0.541956173,2732,2434,2391,1156,1235,555.2
9/1/1995,5.6,83.1824,2.13,362000,0.543594544,2857,2296,2306,1045,1261,554.1
10/1/1995,5.5,82.7299,1.99,371500,0.563182314,2725,2380,2272,1052,1220,553.3
11/1/1995,5.6,82.3994,1.88,377000,0.536224078,2812,2353,2339,1085,1254,550.6
12/1/1995,5.6,82.2872,1.89,365000,0.58695945,2662,2414,2331,1117,1214,550.5
1/1/1996,5.6,81.2375,1.91,374000,0.54825791,2725,2387,2371,1162,1209,550.2
2/1/1996,5.5,82.0752,2.41,377250,0.548748804,2713,2266,2307,1106,1201,553.2
3/1/1996,5.5,81.5034,2.72,386400,0.564088549,2594,2259,2454,1124,1330,554.8
4/1/1996,5.6,81.9783,2.97,359250,0.544032367,2530,2358,2455,1108,1347,556
5/1/1996,5.6,82.1661,3.06,344500,0.523642732,2765,2349,2403,1044,1359,556.9
6/1/1996,5.3,82.5792,3.13,342200,0.601409443,2552,2162,2355,985,1370,558
7/1/1996,5.5,82.3629,2.95,337000,0.547090091,2672,2332,2297,961,1336,557.6
8/1/1996,5.1,82.357,2.96,331800,0.585004359,2496,2187,2267,1002,1265,558
9/1/1996,5.2,82.6055,3.05,342750,0.609113053,2525,2214,2220,1006,1214,556.1
10/1/1996,5.2,82.0322,2.83,339000,0.576020481,2477,2334,2268,1084,1184,556.7
11/1/1996,5.4,82.2891,2.48,336400,0.605859591,2920,2207,2159,1013,1146,559.6
12/1/1996,5.4,82.5576,2.6,353500,0.598924583,2621,2417,2124,970,1154,559.9
1/1/1997,5.3,82.1711,2.84,339000,0.601145571,2758,2219,2162,1012,1150,563.9
2/1/1997,5.2,82.8646,2.75,320750,0.630808223,2549,2357,2140,1031,1109,566.4
3/1/1997,5.2,83.2158,2.79,319400,0.634285714,2602,2323,2110,1012,1098,566.6
4/1/1997,5.1,82.5933,2.83,327000,0.640186236,2439,2190,2176,1071,1105,568.7
5/1/1997,4.9,82.7094,2.7,323800,0.622389181,2527,2061,2121,1070,1051,571.1
6/1/1997,5,82.7387,2.46,325500,0.667892337,2562,2175,2085,1009,1076,571.6
7/1/1997,4.9,82.7605,2.23,320250,0.659954921,2402,2094,2119,1041,1078,573.8
8/1/1997,4.8,83.2495,2.28,330200,0.675393463,2525,2120,2004,929,1075,572.6
9/1/1997,4.9,83.3946,2.16,315250,0.706580529,2474,2102,2074,1000,1074,574.9
10/1/1997,4.7,83.5311,2.07,310000,0.714130772,2566,1966,1950,916,1034,575.3
11/1/1997,4.6,83.8139,1.9,314600,0.777901078,2479,2027,1817,879,938,574.4
12/1/1997,4.7,83.5196,1.82,313250,0.708462014,2534,1937,1901,917,984,576.5
1/1/1998,4.6,83.5939,1.63,321200,0.750157035,2587,1929,1833,838,995,578.9
2/1/1998,4.6,83.0894,1.74,319000,0.778623533,2572,1918,1809,852,957,579.1
3/1/1998,4.7,82.3739,1.83,315000,0.758953597,2789,1972,1772,854,918,577.7
4/1/1998,4.3,82.1813,1.88,311000,0.823935364,2628,1918,1476,594,883,573.3
5/1/1998,4.4,82.0297,1.81,311200,0.812965107,2641,1950,1490,651,839,569.9
6/1/1998,4.5,80.839,1.57,338000,0.776239536,2546,2079,1613,824,789,568.6
7/1/1998,4.5,80.0298,1.61,333000,0.773765777,2593,2005,1577,755,821,564.2
8/1/1998,4.5,81.4771,1.59,312600,0.796892701,2597,1963,1626,808,818,562.1
9/1/1998,4.6,80.82,1.58,304000,0.747936508,2624,1985,1688,772,916,557.8
10/1/1998,4.5,81.1642,2.11,310600,0.744426752,2823,1909,1582,723,858,553.1
11/1/1998,4.4,80.8605,2.51,316000,0.808852459,2510,1998,1590,715,875,548.7
12/1/1998,4.4,80.8748,2.55,316000,0.802221485,2587,1806,1559,756,803,546.1
1/1/1999,4.3,80.7086,2.66,326200,0.863621151,2462,1993,1490,775,714,536.9
2/1/1999,4.4,80.9765,2.63,301500,0.858779251,2566,1946,1551,749,801,529.8
3/1/1999,4.2,80.5346,2.72,302750,0.870655369,2473,1905,1472,758,714,527.3
4/1/1999,4.3,80.4871,2.74,308500,0.832778148,2781,1848,1480,782,698,521
5/1/1999,4.2,80.8309,2.98,301600,0.877846791,2511,1789,1505,787,718,515.3
6/1/1999,4.3,80.1967,3.26,294000,0.818349857,2521,1773,1624,812,812,511.7
7/1/1999,4.3,80.2221,2.96,298000,0.823070539,2643,1783,1513,781,732,513.1
8/1/1999,4.2,80.3689,3.08,290750,0.854230901,2546,1824,1455,748,706,511.9
9/1/1999,4.2,79.6947,2.98,289500,0.816398986,2611,1835,1449,739,709,509.6
10/1/1999,4.1,80.5632,3.18,290400,0.873139495,2536,1847,1438,713,724,510.9
11/1/1999,4.1,80.7221,2.73,281750,0.876662001,2562,1775,1378,697,682,511.5
12/1/1999,4,80.9331,2.89,278500,0.903060322,2642,1614,1375,696,680,512.3
1/1/2000,4,80.6886,2.88,288400,0.943587947,2541,1749,1380,659,721,511.3
2/1/2000,4.1,80.5127,2.56,293750,0.936155685,2604,1912,1300,671,629,512.9
3/1/2000,4,80.6778,2.52,274750,0.94017094,2780,1781,1312,666,646,512.8
4/1/2000,3.8,80.9409,2.38,271600,0.989600438,2510,1845,1261,662,599,516.7
5/1/2000,4,80.5064,2.63,282250,0.880340396,2564,1911,1325,683,643,519.7
6/1/2000,4,80.3493,1.95,291000,0.879844275,2579,1753,1242,616,627,519
7/1/2000,4,80.1284,1.81,295000,0.882547416,2498,1824,1343,645,698,520.4
8/1/2000,4.1,79.2671,1.76,312750,0.815820947,2550,1893,1394,685,709,521.2
9/1/2000,3.9,79.316,1.83,300200,0.878577778,2571,1746,1290,644,646,525.8
10/1/2000,3.9,78.7742,1.83,301000,0.887242501,2497,1724,1337,710,627,528.8
11/1/2000,3.9,78.2752,1.77,334250,0.841106579,2512,1790,1315,723,593,526.5
12/1/2000,3.9,77.5536,1.62,346000,0.864039759,2477,1825,1329,687,642,526.3
1/1/2001,4.2,76.8303,1.95,340000,0.890254026,2648,1956,1372,696,676,528.3
2/1/2001,4.2,76.0688,2.38,371250,0.822466743,2851,1764,1491,777,714,531.8
3/1/2001,4.3,75.656,2.53,387200,0.765021983,2681,2059,1521,825,696,534.8
4/1/2001,4.4,75.1813,3.27,396750,0.75777388,2972,1990,1499,787,712,535
5/1/2001,4.3,74.4812,3.86,394500,0.723257308,2701,2045,1502,877,624,535.3
6/1/2001,4.5,73.8013,4,397200,0.675200494,2808,2025,1532,822,710,535.4
7/1/2001,4.6,73.2909,4.2,398000,0.695427617,2642,2187,1653,951,702,536.4
8/1/2001,4.9,72.7962,4.2,398000,0.573984663,2966,2187,1861,1004,857,534.5
9/1/2001,5,72.4983,4.96,435000,0.566367964,2837,2350,1950,1131,819,533.8
10/1/2001,5.3,71.9491,5.42,480750,0.484663374,3111,2531,2082,1173,909,529.8
11/1/2001,5.5,71.646,5.72,447500,0.455954017,3090,2566,2318,1213,1106,527.8
12/1/2001,5.7,71.7405,6.23,416800,0.426616614,3037,2797,2444,1318,1126,526
1/1/2002,5.7,72.0606,6.14,408500,0.462234173,3044,2606,2578,1375,1203,528.1
2/1/2002,5.7,71.9468,6.15,399000,0.411077298,2984,2577,2608,1394,1214,523.3
3/1/2002,5.7,72.4363,6.38,415400,0.430274567,3074,2563,2719,1390,1330,516.9
4/1/2002,5.9,72.5317,6.28,429250,0.41586231,2932,2872,2852,1395,1457,515.5
5/1/2002,5.8,72.8615,6.34,409000,0.41766877,2843,2584,2967,1393,1574,511.9
6/1/2002,5.8,73.6459,6.2,387200,0.406886691,2711,2654,3023,1382,1641,509.1
7/1/2002,5.8,73.3634,6.17,386000,0.412514899,2891,2467,2966,1382,1584,507.6
8/1/2002,5.7,73.5212,5.84,393600,0.425216763,2927,2525,2887,1313,1573,507.4
9/1/2002,5.7,73.5876,5.65,409500,0.398739547,2772,2526,2971,1391,1580,505.9
10/1/2002,5.7,73.3088,5.98,407500,0.421572168,2765,2512,3042,1388,1653,506.6
11/1/2002,5.9,73.6413,6.28,392200,0.399647887,2950,2505,3062,1319,1743,506.5
12/1/2002,6,73.2655,6.21,414250,0.351736111,2838,2589,3271,1347,1924,506.4
1/1/2003,5.8,73.7952,6.11,395000,0.410798122,2856,2582,3166,1405,1760,505.5
2/1/2003,5.9,73.7361,5.8,411000,0.368763054,2798,2611,3161,1297,1864,504.6
3/1/2003,5.9,73.8471,5.7,427400,0.356776898,2831,2567,3161,1363,1798,501
4/1/2003,6,73.2276,5.59,436250,0.362813843,2794,2661,3348,1421,1927,498
5/1/2003,6.1,73.3185,5.12,424000,0.372446132,2988,2631,3318,1389,1929,500
6/1/2003,6.3,73.7025,4.97,421750,0.36671703,2906,2745,3552,1453,2100,501.3
7/1/2003,6.2,73.899,5.61,411500,0.341027633,2720,2616,3633,1661,1972,502.2
8/1/2003,6.1,73.642,5.98,400200,0.360161871,2801,2625,3557,1561,1995,501.1
9/1/2003,6.1,74.2303,5.78,395500,0.345476965,2704,2775,3486,1472,2014,501.5
10/1/2003,6,74.3496,5.72,382000,0.381355932,2710,2593,3451,1492,1959,503.5
11/1/2003,5.8,75.098,5.66,363000,0.375233209,2656,2509,3420,1414,2006,505.2
12/1/2003,5.7,74.9686,5.62,358250,0.394493207,2554,2455,3366,1435,1931,506.9
1/1/2004,5.7,75.0092,5.44,360200,0.413620072,2685,2369,3364,1453,1911,509.1
2/1/2004,5.6,75.6054,5.26,360750,0.425860169,2425,2436,3248,1392,1856,509.9
3/1/2004,5.8,75.5076,5.11,342000,0.41125898,2637,2434,3314,1331,1983,515.2
4/1/2004,5.6,75.8362,5.46,348250,0.44247246,2780,2400,2971,1166,1805,517.7
5/1/2004,5.6,76.4458,5.75,336200,0.457622991,2723,2378,3103,1304,1799,522.3
6/1/2004,5.6,75.8943,5.75,349000,0.403692976,2677,2387,3130,1284,1847,522.4
7/1/2004,5.5,76.5854,5.36,343000,0.479351032,2820,2384,2918,1237,1681,526
8/1/2004,5.4,76.9221,5.03,340750,0.44505632,2660,2563,2846,1206,1640,528.2
9/1/2004,5.4,76.8662,4.66,337250,0.483032673,2758,2276,2910,1209,1702,529.3
10/1/2004,5.5,77.5826,4.45,334000,0.492494728,2732,2303,3041,1304,1737,527.3
11/1/2004,5.4,77.4747,4.27,328750,0.423600605,2638,2339,2960,1258,1702,531.9
12/1/2004,5.4,77.9432,3.99,325250,0.495966726,2768,2268,2927,1274,1653,534.3
1/1/2005,5.3,78.4265,3.74,343400,0.491649538,2635,2298,2851,1203,1648,539.3
2/1/2005,5.4,78.9563,3.32,311750,0.488847118,2749,2345,2896,1268,1628,544
3/1/2005,5.2,78.432,3.43,332000,0.519451984,2483,2328,2817,1157,1660,548.6
4/1/2005,5.2,78.581,3.26,323200,0.556830031,2688,2289,2678,1069,1609,555.3
5/1/2005,5.1,78.6867,3.01,327000,0.502156581,2754,2231,2683,1145,1538,557.4
6/1/2005,5,78.6258,2.82,325750,0.541201489,2659,2361,2405,1030,1375,561.1
7/1/2005,5,78.1926,2.69,324400,0.585606265,2568,2368,2449,1068,1380,560.7
8/1/2005,4.9,78.3957,2.46,315750,0.566371681,2570,2304,2569,1161,1407,565
9/1/2005,5,77.4559,2.41,382750,0.579372435,2763,2294,2537,1098,1439,570.4
10/1/2005,5,78.4731,2.52,352200,0.565946599,2719,2296,2492,1070,1422,575.3
11/1/2005,5,78.9399,2.39,317250,0.544277029,2823,2282,2486,1116,1370,581.6
12/1/2005,4.9,78.948,2.16,316400,0.569583734,2588,2249,2429,1073,1356,585.3
1/1/2006,4.7,79.4437,1.95,295750,0.623442809,2527,2194,2270,1100,1170,591
2/1/2006,4.8,79.0652,1.78,290750,0.59298441,2577,2088,2546,1195,1350,596.8
3/1/2006,4.7,78.9086,1.82,301750,0.665441177,2659,1999,2373,1064,1309,602.9
4/1/2006,4.7,79.1809,1.89,303600,0.690308989,2665,2142,2353,1022,1331,612.9
5/1/2006,4.6,78.739,1.81,332750,0.645415473,2545,2189,2303,969,1333,614.3
6/1/2006,4.6,78.8921,1.79,305500,0.660619911,2705,2076,2127,982,1145,620.3
7/1/2006,4.7,78.5215,1.52,318800,0.622578397,2721,2126,2289,986,1304,624.5
8/1/2006,4.7,78.8958,1.34,314250,0.668311945,2603,2246,2293,987,1306,628.3
9/1/2006,4.5,78.7868,1.18,316200,0.697823865,2608,2053,2231,986,1245,631
10/1/2006,4.4,78.3184,1.17,315500,0.690203657,2616,2103,2062,984,1078,636.2
11/1/2006,4.5,78.1835,0.95,326250,0.65919674,2511,2212,2159,1028,1131,638.1
12/1/2006,4.4,79.1311,0.98,324000,0.660899142,2596,2047,2083,990,1093,642.2
1/1/2007,4.6,78.5166,1.09,317250,0.667509837,2561,2267,2156,1015,1141,644.1
2/1/2007,4.5,78.6172,1.02,322750,0.666666667,2574,2168,2211,962,1249,649.2
3/1/2007,4.4,79.0908,1.01,309400,0.731837766,2307,2138,2255,1010,1245,653.6
4/1/2007,4.5,79.4105,1.14,320250,0.703649635,2456,2178,2281,1075,1206,657.4
5/1/2007,4.4,79.1401,1.14,304250,0.694501921,2464,2183,2231,1100,1132,660.7
6/1/2007,4.6,79.2075,1.45,315200,0.699527153,2551,2134,2281,1138,1143,663.3
7/1/2007,4.7,79.0927,1.39,313250,0.652958456,2502,2203,2364,1073,1291,668.8
8/1/2007,4.6,78.715,1.63,320000,0.648931654,2614,2156,2333,1086,1246,668.1
9/1/2007,4.7,78.9387,1.65,313400,0.652998605,2557,2292,2355,1091,1264,667.9
10/1/2007,4.7,78.5532,1.72,328250,0.646124085,2545,2502,2300,1003,1298,669.4
11/1/2007,4.7,78.8932,1.91,336000,0.626657459,2645,2241,2366,992,1374,676.2
12/1/2007,5,78.9199,2.41,348200,0.575539568,2718,2376,2501,1177,1324,680.8
1/1/2008,5,78.5732,2.6,338750,0.599089135,2554,2406,2540,1152,1388,687.3
2/1/2008,4.9,78.0687,3.84,346750,0.56462585,2653,2370,2446,1116,1329,689.3
3/1/2008,5.1,77.8485,4.28,363400,0.537586295,2823,2537,2491,1168,1323,697.1
4/1/2008,5,77.0239,4.69,359500,0.540002619,2493,2574,2687,1314,1372,696
5/1/2008,5.4,76.6675,4.95,366800,0.504705182,3278,2476,2780,1219,1561,702.9
6/1/2008,5.6,76.2358,5.07,383250,0.448862974,2753,3016,2913,1337,1576,710.7
7/1/2008,5.8,75.4348,5.15,398000,0.425198613,2854,2833,3114,1450,1664,715.2
8/1/2008,6.1,74.6017,5.15,433000,0.392985802,3256,2758,3420,1554,1866,722.9
9/1/2008,6.1,72.1227,5.5,464000,0.341268169,2848,3035,3626,1599,2027,726.5
10/1/2008,6.5,71.7629,7.91,475250,0.337800278,3170,3055,3990,1710,2280,725.4
11/1/2008,6.8,70.1544,8.82,519800,0.299677358,3335,3260,3923,1704,2219,720.4
12/1/2008,7.3,67.8282,8.27,564000,0.271043771,3255,3498,4547,1936,2610,715.9
1/1/2009,7.8,65.8615,7.99,572000,0.226488638,3524,3662,4764,2065,2699,707.4
2/1/2009,8.3,65.8661,7.86,644000,0.220034114,3450,3936,5455,2456,2999,694.4
3/1/2009,8.7,64.7457,8.24,659250,0.187769999,3465,4122,5886,2625,3260,677
4/1/2009,9,64.396,8.24,627750,0.16913304,3338,4138,6385,2634,3752,660.8
5/1/2009,9.4,63.8133,7.88,612000,0.177529485,3246,4458,7022,3049,3973,644
6/1/2009,9.5,63.6999,7.29,598250,0.171142993,3114,4052,7837,3488,4349,635.9
7/1/2009,9.5,64.7361,6.93,566500,0.155057873,3137,3505,7839,2923,4917,628.5
8/1/2009,9.6,65.5662,6.42,559200,0.159646281,2940,3927,7828,2791,5037,619.6
9/1/2009,9.8,66.2323,6.16,547500,0.16530082,2841,3775,8402,2908,5494,614.3
10/1/2009,10,66.4537,6.17,525400,0.157764461,3223,3552,8648,3006,5643,611.4
11/1/2009,9.9,67.2045,6.2,494000,0.159997372,2816,3457,8755,2847,5908,614.5
12/1/2009,9.9,67.1918,6.25,485500,0.164723805,2879,3457,8835,2712,6122,614.1
1/1/2010,9.8,68.0416,6.14,479800,0.188289246,2921,3390,8894,2574,6319,619.1
2/1/2010,9.8,68.1217,6.21,485750,0.175411897,2807,3390,8922,2793,6129,624.8
3/1/2010,9.9,69.0469,6.11,470250,0.176226812,2769,3294,9087,2542,6545,631.2
4/1/2010,9.9,69.7451,6.05,469000,0.209918434,2725,3086,9130,2330,6800,635.9
5/1/2010,9.6,70.8397,5.85,459400,0.203313354,2773,3127,8897,2260,6638,645.7
6/1/2010,9.4,70.8852,6.05,460500,0.194348487,2683,3159,8907,2284,6623,650.9
7/1/2010,9.4,71.4307,5.83,459200,0.215476847,2806,2972,8714,2208,6506,657.5
8/1/2010,9.5,71.6173,5.47,475000,0.206512835,2671,3534,8421,2162,6259,665.4
9/1/2010,9.5,71.7361,5.47,453500,0.199739351,2819,3308,8454,2291,6163,673.1
10/1/2010,9.4,71.9133,5.53,446800,0.224304216,2655,3345,8613,2387,6227,681.1
11/1/2010,9.8,72.0436,5.73,426250,0.207811153,2912,3321,8696,2370,6326,687.5
12/1/2010,9.3,72.4727,5.92,420250,0.206927795,2693,3169,8549,2120,6429,685.8
1/1/2011,9.1,72.6665,5.92,426800,0.22122315,2686,3033,8393,2218,6175,686.5
2/1/2011,9,72.8246,5.99,401500,0.232489146,2469,3118,8175,2284,5892,689
3/1/2011,9,73.2959,5.89,406000,0.236805707,2535,2980,8166,2061,6105,703.2
4/1/2011,9.1,72.9171,5.92,420600,0.239091495,2787,2987,8016,2090,5925,719.4
5/1/2011,9,73.0212,5.69,422500,0.231468784,2668,2903,8205,2052,6153,729.9
6/1/2011,9.1,73.0954,5.66,418250,0.24831686,2933,2987,8143,1871,6271,741.7
7/1/2011,9,73.5438,5.69,412600,0.26709293,2632,2931,8177,1982,6195,752.2
8/1/2011,9,73.7625,5.26,409500,0.243016356,2650,2989,8247,2199,6048,756.2
9/1/2011,9,73.9607,5.19,417750,0.269787783,2754,2881,8316,2012,6304,765.5
10/1/2011,8.8,74.2953,5.3,402400,0.268500809,2668,3250,7802,1964,5838,772.3
11/1/2011,8.6,74.0205,5.06,389250,0.261990678,2556,2913,7706,2009,5698,775.1
12/1/2011,8.5,74.4631,5.18,377000,0.279691438,2678,2873,7545,1959,5586,781.4
1/1/2012,8.3,74.9897,5.15,377750,0.305071501,2474,2908,7433,1957,5476,789.1
2/1/2012,8.3,75.1365,5.04,363250,0.281354874,2610,2848,7293,2051,5242,795.5
3/1/2012,8.2,74.6844,5.1,366600,0.312750728,2708,2788,7176,1940,5236,799
4/1/2012,8.2,74.997,5.05,381750,0.306658232,2624,2878,7072,1940,5132,801.5
5/1/2012,8.2,74.6063,4.91,373500,0.304976303,2550,3006,7091,1690,5401,803.7
6/1/2012,8.2,74.6743,4.86,379200,0.308540813,2747,2806,7227,1817,5409,803
7/1/2012,8.2,74.4763,4.71,372500,0.299462705,2662,2984,6983,1773,5210,800.2
8/1/2012,8.1,74.2397,4.78,373250,0.307834175,2784,2811,6889,1846,5042,799.2
9/1/2012,7.8,74.101,4.7,381800,0.318695832,2538,2819,6775,1863,4911,794.4
10/1/2012,7.8,73.7506,4.42,368500,0.31408776,2635,2859,6784,1796,4988,785.5
11/1/2012,7.7,74.2129,4.35,401250,0.315451895,2620,2776,6550,1745,4805,792.1
12/1/2012,7.9,74.7211,4.47,359000,0.312245894,2756,2901,6629,1861,4768,796.4
1/1/2013,8,74.4002,4.59,353000,0.313928314,2780,3115,6572,1891,4681,800.4
2/1/2013,7.7,74.6702,4.7,353000,0.333138075,2713,2799,6457,1766,4691,806.7
3/1/2013,7.5,74.5274,4.71,351800,0.349046112,2462,2826,6393,1830,4563,808
4/1/2013,7.6,74.1883,4.44,347250,0.346768708,2487,2908,6421,1953,4468,805.4
5/1/2013,7.5,74.3659,4.62,347750,0.358074481,2674,2631,6333,1986,4347,810
6/1/2013,7.5,74.5022,5.1,344600,0.354523019,2680,2851,6231,1876,4355,812.5
7/1/2013,7.3,73.7802,5.23,346000,0.348125276,2493,2768,6049,1791,4258,811.6
8/1/2013,7.2,74.4295,5.34,333400,0.364571327,2475,2688,5973,1677,4296,812.5
9/1/2013,7.2,74.4974,5.39,314000,0.364241349,2604,2691,5929,1797,4132,816
10/1/2013,7.2,74.5401,5.22,358500,0.383261494,2823,2639,5761,1737,4024,817.4
11/1/2013,6.9,74.4984,5.3,328200,0.371002132,2409,2586,5737,1695,4042,815.3
12/1/2013,6.7,74.4716,5.29,346000,0.384083045,2328,2545,5539,1676,3863,813.3
1/1/2014,6.6,73.6194,5.12,326750,0.404920604,2473,2431,5304,1696,3607,817.7
2/1/2014,6.7,74.3883,5.03,335250,0.420040584,2376,2590,5404,1621,3783,823
3/1/2014,6.7,75.0219,4.98,321000,0.422736031,2433,2561,5415,1711,3704,826.9
4/1/2014,6.2,74.918,4.81,322750,0.480519481,2424,2377,4981,1502,3479,834.6
5/1/2014,6.3,75.1567,4.67,313800,0.48432904,2586,2357,4785,1425,3360,835.9
6/1/2014,6.1,75.4524,4.7,313500,0.528435518,2417,2427,4619,1503,3116,840
7/1/2014,6.2,75.8209,4.64,301750,0.511969192,2601,2412,4613,1477,3136,845.7
8/1/2014,6.1,75.4529,4.6,302000,0.560787582,2620,2389,4464,1506,2958,846
9/1/2014,5.9,75.4817,4.71,295000,0.52645217,2365,2560,4386,1438,2948,851
10/1/2014,5.7,75.456,4.6,288750,0.563515017,2494,2300,4292,1400,2892,848.6
11/1/2014,5.8,76.1227,4.7,291600,0.519141914,2474,2403,4228,1400,2828,847
12/1/2014,5.6,75.9411,4.62,284500,0.571412183,2370,2320,4069,1270,2799,843.4
1/1/2015,5.7,75.6877,4.34,287600,0.603489026,2393,2319,4151,1377,2774,834.6
2/1/2015,5.5,75.2158,4.4,301250,0.633329457,2392,2238,3991,1333,2658,822.7
3/1/2015,5.4,75.5185,4.43,284000,0.611626541,2444,2304,3787,1245,2542,806.1
4/1/2015,5.4,75.4803,4.36,286000,0.668070175,2716,2345,3651,1091,2560,790.5
5/1/2015,5.6,75.4958,4.77,274000,0.633801223,2471,2510,3759,1256,2503,767.7
6/1/2015,5.3,75.2299,5,273750,0.638171456,2309,2396,3560,1398,2162,764.3
7/1/2015,5.2,75.7656,5.07,277750,0.752173381,2574,2222,3389,1261,2127,752.7
8/1/2015,5.1,75.5231,5.05,275200,0.689439439,2073,2329,3454,1283,2172,740.6
9/1/2015,5,75.1798,5.2,269500,0.688630328,2364,2274,3332,1234,2097,727
10/1/2015,5,75.1444,5.22,267000,0.736177733,2372,2277,3342,1212,2130,718.7
11/1/2015,5.1,74.8928,5.34,268500,0.696625,2382,2296,3347,1273,2074,704.2
12/1/2015,5,74.6161,5.22,271000,0.717844948,2399,2191,3359,1232,2127,693.7
1/1/2016,4.9,75.0575,5.11,279400,0.77632431,2208,2288,3195,1114,2081,679.4
2/1/2016,4.9,74.5535,4.96,267250,0.743222308,2214,2224,3283,1140,2143,658.6
3/1/2016,5,74.3442,4.77,264250,0.772435494,2388,2168,3390,1175,2215,638.6
4/1/2016,5,73.9754,4.42,265200,0.735799373,2612,2101,3355,1251,2104,626.8
5/1/2016,4.8,73.9106,4.31,275250,0.757955138,2273,2275,3034,1133,1901,614.5
6/1/2016,4.9,74.0138,4.15,265250,0.740816851,2385,2187,3166,1152,2014,604.5
7/1/2016,4.8,74.1179,3.83,260600,0.79576913,2255,2260,3185,1222,1962,600.4
8/1/2016,4.9,73.7627,3.84,264500,0.731975925,2295,2331,3062,1081,1981,596.5
9/1/2016,5,73.9726,3.91,252250,0.730011297,2606,2296,3108,1164,1944,596.1
10/1/2016,4.9,74.1357,3.98,256600,0.718793919,2458,2272,3130,1168,1962,593.5
11/1/2016,4.7,74.1448,4.3,247750,0.783520299,2390,2162,2958,1088,1869,597.1
12/1/2016,4.7,74.352,4.29,251000,0.778519013,2355,2120,3065,1195,1869,597.2
1/1/2017,4.7,74.7529,4.01,246750,0.745810056,2417,2068,3020,1178,1842,599.5
2/1/2017,4.6,74.6811,3.98,239250,0.79362076,2470,2133,2815,1039,1776,605.1
3/1/2017,4.4,74.4524,3.89,250250,0.820541761,2265,2054,2760,1087,1673,610
4/1/2017,4.4,75.2538,3.67,241800,0.866901905,2346,2062,2726,1071,1655,618.9
5/1/2017,4.4,75.1126,3.64,239750,0.828870945,2166,1960,2814,1137,1677,623
6/1/2017,4.3,75.2068,3.33,240500,0.916053656,2269,1945,2639,939,1700,626.5
7/1/2017,4.3,75.0624,3.24,244800,0.925294889,2184,2014,2744,1006,1738,629.8
8/1/2017,4.4,74.8399,3.15,240500,0.892630689,2197,2058,2790,1067,1724,635.4
9/1/2017,4.2,74.723,3.15,270200,0.912001169,2274,1928,2676,962,1714,637.8
10/1/2017,4.1,75.7141,3.17,237250,0.967267768,2188,1943,2481,860,1622,638.7
11/1/2017,4.2,75.9019,3.11,240250,0.926384949,2253,1902,2564,964,1601,643.4
12/1/2017,4.1,75.8468,2.92,237600,0.950312452,2226,1967,2406,891,1515,642.4
1/1/2018,4.1,75.5478,2.85,234500,1.009571559,2255,1913,2392,955,1437,648.8
2/1/2018,4.1,76.3398,3.09,220000,0.990061738,2412,1907,2327,918,1410,655.6
3/1/2018,4,76.3293,3.13,226000,1.057292469,2257,1987,2222,889,1333,663.8
4/1/2018,4,76.6254,2.98,222000,1.088345279,2139,1957,2343,1026,1316,671.3
5/1/2018,3.8,75.9843,3.13,221250,1.131905299,2021,1943,2186,993,1193,673.8
6/1/2018,4,76.4601,3.01,221400,1.116735696,2222,1867,2322,865,1457,680.4
7/1/2018,3.8,76.7218,2.88,216250,1.185436893,2093,1810,2384,967,1417,679.7
8/1/2018,3.8,76.9951,2.86,215250,1.175449976,2189,1755,2254,933,1321,688.2
9/1/2018,3.7,76.9464,2.93,212600,1.204631927,2088,1747,2230,859,1372,690.2
10/1/2018,3.8,76.8186,2.88,215500,1.181936959,2098,1832,2211,847,1363,693.6
11/1/2018,3.7,76.882,3.02,222250,1.244448127,2133,1820,2123,860,1263,688.8
12/1/2018,3.9,77.2545,2.86,219600,1.161788101,2117,2007,2210,899,1311,691.9
1/1/2019,4,76.7441,2.72,220250,1.154082259,2319,1999,2156,898,1259,695.7
2/1/2019,3.8,76.285,2.55,225000,1.140268565,2169,1809,2207,928,1279,692.6
3/1/2019,3.8,76.1593,2.44,217800,1.188892477,2116,1812,2242,936,1305,692.1
4/1/2019,3.6,75.4144,2.28,215500,1.245128205,1906,1835,2087,860,1227,692.4
5/1/2019,3.6,75.3878,2.24,218250,1.229370158,2158,1572,2120,822,1298,693.3
6/1/2019,3.7,75.7203,2.08,221000,1.200501253,1949,1832,2189,776,1413,691.1
7/1/2019,3.7,75.3248,1.88,213750,1.200597312,2222,1795,2079,909,1170,685.6
8/1/2019,3.7,75.6867,1.75,216200,1.194532422,2218,1746,2082,831,1251,679
9/1/2019,3.5,75.1094,1.86,213000,1.224752303,1869,1778,2124,806,1318,679.8
10/1/2019,3.6,74.6017,2.09,215000,1.247908486,1978,1747,2144,884,1259,680.8
11/1/2019,3.5,75.1971,2.39,214800,1.168989847,2026,1753,2083,865,1219,670.5
12/1/2019,3.5,75.2535,2.33,226000,1.138884061,2065,1730,1998,812,1186,661.3
1/1/2020,3.6,75.1936,2.22,212750,1.190088255,2059,1755,2053,887,1166,658.4
2/1/2020,3.5,75.1553,2.03,211400,1.210298946,2013,1803,1927,825,1102,659.7
3/1/2020,4.4,71.3659,3.66,2666750,0.841876751,3542,1794,1971,808,1164,651.2
4/1/2020,14.7,59.9067,4.08,5040250,0.216483231,14283,7004,1772,833,939,602.9
5/1/2020,13.3,62.2309,3.9,2465800,0.255944722,3875,14814,2242,1078,1164,582.2
6/1/2020,11.1,66.9256,3.56,1499000,0.338084507,2838,11496,3294,1903,1391,575.1
7/1/2020,10.2,69.5396,3.22,1368750,0.40506794,3202,5169,7986,6484,1501,568
